INSERT INTO kategori (id,nama) VALUES (1,'Goa'),(2,'Pantai'),(3,'Rekreasi');
INSERT INTO fasilitas (id,nama) VALUES (1,'Hotel'),(2,'Tempat Makan'),(3,'Tempat Ibadah'),(4,'Tempat Parkir');
INSERT INTO data_pariwisata VALUES (1,3,'Grojogan Dhuwur','Desa Candi,\nKec, Pringkuku',16,'ini adalah salah satu object wisata di pacitan'),
(2,3,'Grojogan Sewu','Desa Bomo,\nKec, Punung.',23,'ini adalah salah satu object wisata di pacitan'),
(3,1,'Gua Dawung (Sendang Pitu)','Desa Piton,\nKec, Punung.',20,'ini adalah salah satu object wisata di pacitan'),
(4,1,'Gua Gong','Desa Bomo,\nKec, Punung.',21,'ini adalah salah satu object wisata di pacitan'),
(5,1,'Gua Kalak','Desa Sendang,\nKec, Doorojo.',25,'ini adalah salah satu object wisata di pacitan'),
(6,1,'Gua Putri','Desa Bomo,\nKec, Punung',18,'ini adalah salah satu object wisata di pacitan'),
(7,1,'Gua Tabuhan','Desa Wareng,\nKec, Punung.',23,'ini adalah salah satu object wisata di pacitan'),
(8,3,'Gunung Limo','Desa Kalak,\nKec, Donorojo.',16,'ini adalah salah satu object wisata di pacitan'),
(9,3,'Hutan Pinus Gemaharjo','Desa Gemaharjo,\nKec, Tegalombo',47,'ini adalah salah satu object wisata di pacitan'),
(10,3,'Kali Cokel','Dusun Ketro,\nKec, Donorojo',23,'ini adalah salah satu object wisata di pacitan'),
(11,3,'Monumen Jendral Sudirman','Desa Pakis Baru,\nKec, Nawangan.',20,'ini adalah salah satu object wisata di pacitan'),
(12,2,'Pantai Banyu Tibo','Desa widoro,\nKec, Donorojo',37,'ini adalah salah satu object wisata di pacitan'),(13,2,'Pantai Buyutan','Desa Widoro,\nKec, Donorojo',25,'ini adalah salah satu object wisata di pacitan'),(14,2,'Pantai Kali Uluh','Desa Klesem\nKec, Kebonagung',17,'ini adalah salah satu object wisata di pacitan'),(15,2,'Pantai Karang Bolong','Desa Sendang\nKec, Pacitan',31,'ini adalah salah satu object wisata di pacitan'),(16,2,'Pantai Kasap','Dusun Ketro,\nKec, Donorojo',23,'ini adalah salah satu object wisata di pacitan'),(17,2,'Pantai Klayar','Desa Kalak,\nKec, Donorojo',40,'ini adalah salah satu object wisata di pacitan'),(18,2,'Pantai Langitan','Desa Widoro\nKec, Donorojo',34,'ini adalah salah satu object wisata di pacitan'),(19,2,'Pantai Oancer Door','Desa Ploso\nKec, Pacitan',4,'ini adalah salah satu object wisata di pacitan'),(20,2,'Pantai Pangasan','Desa Kalipelus\nKec, Kebonagung',32,'ini adalah salah satu object wisata di pacitan'),(21,2,'Pantai Srau','Desa Candi\nKec, Pringkuku',22,'ini adalah salah satu object wisata di pacitan'),(22,2,'Pantai Sruni','Dusun Ketro,\nKec, Donorojo',23,'ini adalah salah satu object wisata di pacitan'),(23,2,'Pantai Taman','Desa Hadiwarno\nKec, Ngadirojo',32,'ini adalah salah satu object wisata di pacitan'),(24,2,'Pantai Teleng Ria','Desa Sidoharjo\nKec, Pacitan',4.5,'ini adalah salah satu object wisata di pacitan'),(25,2,'Pantai Watu Karung','Dusun Ketro,\nKec, Donorojo',23,'ini adalah salah satu object wisata di pacitan'),(26,3,'Pemandian Air Hangat (Banyu Anget)','Desa Krajan,\nKec, Arjosari.',16,'ini adalah salah satu object wisata di pacitan'),(27,3,'Sungai Barong','Desa Candi,\nKec, Pringkuku.',16,'ini adalah salah satu object wisata di pacitan'),(28,3,'Sungai Marron.','Desa Kalak,\nKec, Donorojo.',26,'ini adalah salah satu object wisata di pacitan');
INSERT INTO fasilitas_pariwisata (id,data_pariwisata_id,fasilitas_id) VALUES (1,1,3);
INSERT INTO fasilitas_pariwisata (id,data_pariwisata_id,fasilitas_id) VALUES (2,1,1);
INSERT INTO fasilitas_pariwisata (id,data_pariwisata_id,fasilitas_id) VALUES (3,1,3);
INSERT INTO fasilitas_pariwisata (id,data_pariwisata_id,fasilitas_id) VALUES (4,1,3);
INSERT INTO fasilitas_pariwisata (id,data_pariwisata_id,fasilitas_id) VALUES (5,2,2);
INSERT INTO fasilitas_pariwisata (id,data_pariwisata_id,fasilitas_id) VALUES (6,2,1);
INSERT INTO fasilitas_pariwisata (id,data_pariwisata_id,fasilitas_id) VALUES (7,2,2);
INSERT INTO fasilitas_pariwisata (id,data_pariwisata_id,fasilitas_id) VALUES (8,2,3);
INSERT INTO fasilitas_pariwisata (id,data_pariwisata_id,fasilitas_id) VALUES (9,3,2);
INSERT INTO fasilitas_pariwisata (id,data_pariwisata_id,fasilitas_id) VALUES (10,3,1);
INSERT INTO fasilitas_pariwisata (id,data_pariwisata_id,fasilitas_id) VALUES (11,3,3);
INSERT INTO fasilitas_pariwisata (id,data_pariwisata_id,fasilitas_id) VALUES (12,3,2);
INSERT INTO fasilitas_pariwisata (id,data_pariwisata_id,fasilitas_id) VALUES (13,4,1);
INSERT INTO fasilitas_pariwisata (id,data_pariwisata_id,fasilitas_id) VALUES (14,4,3);
INSERT INTO fasilitas_pariwisata (id,data_pariwisata_id,fasilitas_id) VALUES (15,4,2);
INSERT INTO fasilitas_pariwisata (id,data_pariwisata_id,fasilitas_id) VALUES (16,4,3);
INSERT INTO fasilitas_pariwisata (id,data_pariwisata_id,fasilitas_id) VALUES (17,5,1);
INSERT INTO fasilitas_pariwisata (id,data_pariwisata_id,fasilitas_id) VALUES (18,5,3);
INSERT INTO fasilitas_pariwisata (id,data_pariwisata_id,fasilitas_id) VALUES (19,5,3);
INSERT INTO fasilitas_pariwisata (id,data_pariwisata_id,fasilitas_id) VALUES (20,5,3);
INSERT INTO fasilitas_pariwisata (id,data_pariwisata_id,fasilitas_id) VALUES (21,6,3);
INSERT INTO fasilitas_pariwisata (id,data_pariwisata_id,fasilitas_id) VALUES (22,6,1);
INSERT INTO fasilitas_pariwisata (id,data_pariwisata_id,fasilitas_id) VALUES (23,6,3);
INSERT INTO fasilitas_pariwisata (id,data_pariwisata_id,fasilitas_id) VALUES (24,6,2);
INSERT INTO fasilitas_pariwisata (id,data_pariwisata_id,fasilitas_id) VALUES (25,7,1);
INSERT INTO fasilitas_pariwisata (id,data_pariwisata_id,fasilitas_id) VALUES (26,7,2);
INSERT INTO fasilitas_pariwisata (id,data_pariwisata_id,fasilitas_id) VALUES (27,7,2);
INSERT INTO fasilitas_pariwisata (id,data_pariwisata_id,fasilitas_id) VALUES (28,7,2);
INSERT INTO fasilitas_pariwisata (id,data_pariwisata_id,fasilitas_id) VALUES (29,8,1);
INSERT INTO fasilitas_pariwisata (id,data_pariwisata_id,fasilitas_id) VALUES (30,8,1);
INSERT INTO fasilitas_pariwisata (id,data_pariwisata_id,fasilitas_id) VALUES (31,8,2);
INSERT INTO fasilitas_pariwisata (id,data_pariwisata_id,fasilitas_id) VALUES (32,8,1);
INSERT INTO fasilitas_pariwisata (id,data_pariwisata_id,fasilitas_id) VALUES (33,9,3);
INSERT INTO fasilitas_pariwisata (id,data_pariwisata_id,fasilitas_id) VALUES (34,9,3);
INSERT INTO fasilitas_pariwisata (id,data_pariwisata_id,fasilitas_id) VALUES (35,9,1);
INSERT INTO fasilitas_pariwisata (id,data_pariwisata_id,fasilitas_id) VALUES (36,9,3);
INSERT INTO fasilitas_pariwisata (id,data_pariwisata_id,fasilitas_id) VALUES (37,10,1);
INSERT INTO fasilitas_pariwisata (id,data_pariwisata_id,fasilitas_id) VALUES (38,10,2);
INSERT INTO fasilitas_pariwisata (id,data_pariwisata_id,fasilitas_id) VALUES (39,10,1);
INSERT INTO fasilitas_pariwisata (id,data_pariwisata_id,fasilitas_id) VALUES (40,10,1);
INSERT INTO fasilitas_pariwisata (id,data_pariwisata_id,fasilitas_id) VALUES (41,11,2);
INSERT INTO fasilitas_pariwisata (id,data_pariwisata_id,fasilitas_id) VALUES (42,11,2);
INSERT INTO fasilitas_pariwisata (id,data_pariwisata_id,fasilitas_id) VALUES (43,11,2);
INSERT INTO fasilitas_pariwisata (id,data_pariwisata_id,fasilitas_id) VALUES (44,11,1);
INSERT INTO fasilitas_pariwisata (id,data_pariwisata_id,fasilitas_id) VALUES (45,12,2);
INSERT INTO fasilitas_pariwisata (id,data_pariwisata_id,fasilitas_id) VALUES (46,12,1);
INSERT INTO fasilitas_pariwisata (id,data_pariwisata_id,fasilitas_id) VALUES (47,12,2);
INSERT INTO fasilitas_pariwisata (id,data_pariwisata_id,fasilitas_id) VALUES (48,12,2);
INSERT INTO fasilitas_pariwisata (id,data_pariwisata_id,fasilitas_id) VALUES (49,13,2);
INSERT INTO fasilitas_pariwisata (id,data_pariwisata_id,fasilitas_id) VALUES (50,13,1);
INSERT INTO fasilitas_pariwisata (id,data_pariwisata_id,fasilitas_id) VALUES (51,13,1);
INSERT INTO fasilitas_pariwisata (id,data_pariwisata_id,fasilitas_id) VALUES (52,13,2);
INSERT INTO fasilitas_pariwisata (id,data_pariwisata_id,fasilitas_id) VALUES (53,14,1);
INSERT INTO fasilitas_pariwisata (id,data_pariwisata_id,fasilitas_id) VALUES (54,14,1);
INSERT INTO fasilitas_pariwisata (id,data_pariwisata_id,fasilitas_id) VALUES (55,14,2);
INSERT INTO fasilitas_pariwisata (id,data_pariwisata_id,fasilitas_id) VALUES (56,14,2);
INSERT INTO fasilitas_pariwisata (id,data_pariwisata_id,fasilitas_id) VALUES (57,15,3);
INSERT INTO fasilitas_pariwisata (id,data_pariwisata_id,fasilitas_id) VALUES (58,15,1);
INSERT INTO fasilitas_pariwisata (id,data_pariwisata_id,fasilitas_id) VALUES (59,15,2);
INSERT INTO fasilitas_pariwisata (id,data_pariwisata_id,fasilitas_id) VALUES (60,15,3);
INSERT INTO fasilitas_pariwisata (id,data_pariwisata_id,fasilitas_id) VALUES (61,16,3);
INSERT INTO fasilitas_pariwisata (id,data_pariwisata_id,fasilitas_id) VALUES (62,16,1);
INSERT INTO fasilitas_pariwisata (id,data_pariwisata_id,fasilitas_id) VALUES (63,16,1);
INSERT INTO fasilitas_pariwisata (id,data_pariwisata_id,fasilitas_id) VALUES (64,16,1);
INSERT INTO fasilitas_pariwisata (id,data_pariwisata_id,fasilitas_id) VALUES (65,17,2);
INSERT INTO fasilitas_pariwisata (id,data_pariwisata_id,fasilitas_id) VALUES (66,17,3);
INSERT INTO fasilitas_pariwisata (id,data_pariwisata_id,fasilitas_id) VALUES (67,17,3);
INSERT INTO fasilitas_pariwisata (id,data_pariwisata_id,fasilitas_id) VALUES (68,17,3);
INSERT INTO fasilitas_pariwisata (id,data_pariwisata_id,fasilitas_id) VALUES (69,18,3);
INSERT INTO fasilitas_pariwisata (id,data_pariwisata_id,fasilitas_id) VALUES (70,18,3);
INSERT INTO fasilitas_pariwisata (id,data_pariwisata_id,fasilitas_id) VALUES (71,18,2);
INSERT INTO fasilitas_pariwisata (id,data_pariwisata_id,fasilitas_id) VALUES (72,18,1);
INSERT INTO fasilitas_pariwisata (id,data_pariwisata_id,fasilitas_id) VALUES (73,19,3);
INSERT INTO fasilitas_pariwisata (id,data_pariwisata_id,fasilitas_id) VALUES (74,19,3);
INSERT INTO fasilitas_pariwisata (id,data_pariwisata_id,fasilitas_id) VALUES (75,19,1);
INSERT INTO fasilitas_pariwisata (id,data_pariwisata_id,fasilitas_id) VALUES (76,19,1);
INSERT INTO fasilitas_pariwisata (id,data_pariwisata_id,fasilitas_id) VALUES (77,20,2);
INSERT INTO fasilitas_pariwisata (id,data_pariwisata_id,fasilitas_id) VALUES (78,20,2);
INSERT INTO fasilitas_pariwisata (id,data_pariwisata_id,fasilitas_id) VALUES (79,20,2);
INSERT INTO fasilitas_pariwisata (id,data_pariwisata_id,fasilitas_id) VALUES (80,20,3);
INSERT INTO fasilitas_pariwisata (id,data_pariwisata_id,fasilitas_id) VALUES (81,21,1);
INSERT INTO fasilitas_pariwisata (id,data_pariwisata_id,fasilitas_id) VALUES (82,21,1);
INSERT INTO fasilitas_pariwisata (id,data_pariwisata_id,fasilitas_id) VALUES (83,21,2);
INSERT INTO fasilitas_pariwisata (id,data_pariwisata_id,fasilitas_id) VALUES (84,21,2);
INSERT INTO fasilitas_pariwisata (id,data_pariwisata_id,fasilitas_id) VALUES (85,22,3);
INSERT INTO fasilitas_pariwisata (id,data_pariwisata_id,fasilitas_id) VALUES (86,22,2);
INSERT INTO fasilitas_pariwisata (id,data_pariwisata_id,fasilitas_id) VALUES (87,22,3);
INSERT INTO fasilitas_pariwisata (id,data_pariwisata_id,fasilitas_id) VALUES (88,22,3);
INSERT INTO fasilitas_pariwisata (id,data_pariwisata_id,fasilitas_id) VALUES (89,23,3);
INSERT INTO fasilitas_pariwisata (id,data_pariwisata_id,fasilitas_id) VALUES (90,23,2);
INSERT INTO fasilitas_pariwisata (id,data_pariwisata_id,fasilitas_id) VALUES (91,23,3);
INSERT INTO fasilitas_pariwisata (id,data_pariwisata_id,fasilitas_id) VALUES (92,23,2);
INSERT INTO fasilitas_pariwisata (id,data_pariwisata_id,fasilitas_id) VALUES (93,24,1);
INSERT INTO fasilitas_pariwisata (id,data_pariwisata_id,fasilitas_id) VALUES (94,24,2);
INSERT INTO fasilitas_pariwisata (id,data_pariwisata_id,fasilitas_id) VALUES (95,24,1);
INSERT INTO fasilitas_pariwisata (id,data_pariwisata_id,fasilitas_id) VALUES (96,24,2);
INSERT INTO fasilitas_pariwisata (id,data_pariwisata_id,fasilitas_id) VALUES (97,25,1);
INSERT INTO fasilitas_pariwisata (id,data_pariwisata_id,fasilitas_id) VALUES (98,25,1);
INSERT INTO fasilitas_pariwisata (id,data_pariwisata_id,fasilitas_id) VALUES (99,25,2);
INSERT INTO fasilitas_pariwisata (id,data_pariwisata_id,fasilitas_id) VALUES (100,25,3);
INSERT INTO fasilitas_pariwisata (id,data_pariwisata_id,fasilitas_id) VALUES (101,26,1);
INSERT INTO fasilitas_pariwisata (id,data_pariwisata_id,fasilitas_id) VALUES (102,26,2);
INSERT INTO fasilitas_pariwisata (id,data_pariwisata_id,fasilitas_id) VALUES (103,26,1);
INSERT INTO fasilitas_pariwisata (id,data_pariwisata_id,fasilitas_id) VALUES (104,26,3);
INSERT INTO fasilitas_pariwisata (id,data_pariwisata_id,fasilitas_id) VALUES (105,27,3);
INSERT INTO fasilitas_pariwisata (id,data_pariwisata_id,fasilitas_id) VALUES (106,27,3);
INSERT INTO fasilitas_pariwisata (id,data_pariwisata_id,fasilitas_id) VALUES (107,27,2);
INSERT INTO fasilitas_pariwisata (id,data_pariwisata_id,fasilitas_id) VALUES (108,27,2);
INSERT INTO fasilitas_pariwisata (id,data_pariwisata_id,fasilitas_id) VALUES (109,28,1);
INSERT INTO fasilitas_pariwisata (id,data_pariwisata_id,fasilitas_id) VALUES (110,28,2);
INSERT INTO fasilitas_pariwisata (id,data_pariwisata_id,fasilitas_id) VALUES (111,28,1);
INSERT INTO fasilitas_pariwisata (id,data_pariwisata_id,fasilitas_id) VALUES (112,28,2);
INSERT INTO umur (id,data_pariwisata_id,umur) VALUES (1,1,21);
INSERT INTO umur (id,data_pariwisata_id,umur) VALUES (2,1,27);
INSERT INTO umur (id,data_pariwisata_id,umur) VALUES (3,1,37);
INSERT INTO umur (id,data_pariwisata_id,umur) VALUES (4,1,24);
INSERT INTO umur (id,data_pariwisata_id,umur) VALUES (5,1,21);
INSERT INTO umur (id,data_pariwisata_id,umur) VALUES (6,1,33);
INSERT INTO umur (id,data_pariwisata_id,umur) VALUES (7,1,15);
INSERT INTO umur (id,data_pariwisata_id,umur) VALUES (8,1,30);
INSERT INTO umur (id,data_pariwisata_id,umur) VALUES (9,1,21);
INSERT INTO umur (id,data_pariwisata_id,umur) VALUES (10,1,15);
INSERT INTO umur (id,data_pariwisata_id,umur) VALUES (11,2,34);
INSERT INTO umur (id,data_pariwisata_id,umur) VALUES (12,2,26);
INSERT INTO umur (id,data_pariwisata_id,umur) VALUES (13,2,27);
INSERT INTO umur (id,data_pariwisata_id,umur) VALUES (14,2,29);
INSERT INTO umur (id,data_pariwisata_id,umur) VALUES (15,2,18);
INSERT INTO umur (id,data_pariwisata_id,umur) VALUES (16,2,39);
INSERT INTO umur (id,data_pariwisata_id,umur) VALUES (17,2,26);
INSERT INTO umur (id,data_pariwisata_id,umur) VALUES (18,2,35);
INSERT INTO umur (id,data_pariwisata_id,umur) VALUES (19,2,27);
INSERT INTO umur (id,data_pariwisata_id,umur) VALUES (20,2,21);
INSERT INTO umur (id,data_pariwisata_id,umur) VALUES (21,3,35);
INSERT INTO umur (id,data_pariwisata_id,umur) VALUES (22,3,31);
INSERT INTO umur (id,data_pariwisata_id,umur) VALUES (23,3,18);
INSERT INTO umur (id,data_pariwisata_id,umur) VALUES (24,3,23);
INSERT INTO umur (id,data_pariwisata_id,umur) VALUES (25,3,37);
INSERT INTO umur (id,data_pariwisata_id,umur) VALUES (26,3,37);
INSERT INTO umur (id,data_pariwisata_id,umur) VALUES (27,3,27);
INSERT INTO umur (id,data_pariwisata_id,umur) VALUES (28,3,28);
INSERT INTO umur (id,data_pariwisata_id,umur) VALUES (29,3,30);
INSERT INTO umur (id,data_pariwisata_id,umur) VALUES (30,3,30);
INSERT INTO umur (id,data_pariwisata_id,umur) VALUES (31,4,31);
INSERT INTO umur (id,data_pariwisata_id,umur) VALUES (32,4,23);
INSERT INTO umur (id,data_pariwisata_id,umur) VALUES (33,4,27);
INSERT INTO umur (id,data_pariwisata_id,umur) VALUES (34,4,21);
INSERT INTO umur (id,data_pariwisata_id,umur) VALUES (35,4,19);
INSERT INTO umur (id,data_pariwisata_id,umur) VALUES (36,4,21);
INSERT INTO umur (id,data_pariwisata_id,umur) VALUES (37,4,27);
INSERT INTO umur (id,data_pariwisata_id,umur) VALUES (38,4,21);
INSERT INTO umur (id,data_pariwisata_id,umur) VALUES (39,4,25);
INSERT INTO umur (id,data_pariwisata_id,umur) VALUES (40,4,16);
INSERT INTO umur (id,data_pariwisata_id,umur) VALUES (41,5,28);
INSERT INTO umur (id,data_pariwisata_id,umur) VALUES (42,5,30);
INSERT INTO umur (id,data_pariwisata_id,umur) VALUES (43,5,34);
INSERT INTO umur (id,data_pariwisata_id,umur) VALUES (44,5,28);
INSERT INTO umur (id,data_pariwisata_id,umur) VALUES (45,5,23);
INSERT INTO umur (id,data_pariwisata_id,umur) VALUES (46,5,37);
INSERT INTO umur (id,data_pariwisata_id,umur) VALUES (47,5,18);
INSERT INTO umur (id,data_pariwisata_id,umur) VALUES (48,5,39);
INSERT INTO umur (id,data_pariwisata_id,umur) VALUES (49,5,24);
INSERT INTO umur (id,data_pariwisata_id,umur) VALUES (50,5,18);
INSERT INTO umur (id,data_pariwisata_id,umur) VALUES (51,6,22);
INSERT INTO umur (id,data_pariwisata_id,umur) VALUES (52,6,36);
INSERT INTO umur (id,data_pariwisata_id,umur) VALUES (53,6,29);
INSERT INTO umur (id,data_pariwisata_id,umur) VALUES (54,6,39);
INSERT INTO umur (id,data_pariwisata_id,umur) VALUES (55,6,15);
INSERT INTO umur (id,data_pariwisata_id,umur) VALUES (56,6,20);
INSERT INTO umur (id,data_pariwisata_id,umur) VALUES (57,6,28);
INSERT INTO umur (id,data_pariwisata_id,umur) VALUES (58,6,28);
INSERT INTO umur (id,data_pariwisata_id,umur) VALUES (59,6,18);
INSERT INTO umur (id,data_pariwisata_id,umur) VALUES (60,6,20);
INSERT INTO umur (id,data_pariwisata_id,umur) VALUES (61,7,16);
INSERT INTO umur (id,data_pariwisata_id,umur) VALUES (62,7,25);
INSERT INTO umur (id,data_pariwisata_id,umur) VALUES (63,7,20);
INSERT INTO umur (id,data_pariwisata_id,umur) VALUES (64,7,21);
INSERT INTO umur (id,data_pariwisata_id,umur) VALUES (65,7,31);
INSERT INTO umur (id,data_pariwisata_id,umur) VALUES (66,7,18);
INSERT INTO umur (id,data_pariwisata_id,umur) VALUES (67,7,26);
INSERT INTO umur (id,data_pariwisata_id,umur) VALUES (68,7,17);
INSERT INTO umur (id,data_pariwisata_id,umur) VALUES (69,7,23);
INSERT INTO umur (id,data_pariwisata_id,umur) VALUES (70,7,36);
INSERT INTO umur (id,data_pariwisata_id,umur) VALUES (71,8,28);
INSERT INTO umur (id,data_pariwisata_id,umur) VALUES (72,8,16);
INSERT INTO umur (id,data_pariwisata_id,umur) VALUES (73,8,17);
INSERT INTO umur (id,data_pariwisata_id,umur) VALUES (74,8,33);
INSERT INTO umur (id,data_pariwisata_id,umur) VALUES (75,8,37);
INSERT INTO umur (id,data_pariwisata_id,umur) VALUES (76,8,34);
INSERT INTO umur (id,data_pariwisata_id,umur) VALUES (77,8,17);
INSERT INTO umur (id,data_pariwisata_id,umur) VALUES (78,8,28);
INSERT INTO umur (id,data_pariwisata_id,umur) VALUES (79,8,36);
INSERT INTO umur (id,data_pariwisata_id,umur) VALUES (80,8,35);
INSERT INTO umur (id,data_pariwisata_id,umur) VALUES (81,9,38);
INSERT INTO umur (id,data_pariwisata_id,umur) VALUES (82,9,18);
INSERT INTO umur (id,data_pariwisata_id,umur) VALUES (83,9,27);
INSERT INTO umur (id,data_pariwisata_id,umur) VALUES (84,9,23);
INSERT INTO umur (id,data_pariwisata_id,umur) VALUES (85,9,31);
INSERT INTO umur (id,data_pariwisata_id,umur) VALUES (86,9,24);
INSERT INTO umur (id,data_pariwisata_id,umur) VALUES (87,9,23);
INSERT INTO umur (id,data_pariwisata_id,umur) VALUES (88,9,33);
INSERT INTO umur (id,data_pariwisata_id,umur) VALUES (89,9,31);
INSERT INTO umur (id,data_pariwisata_id,umur) VALUES (90,9,17);
INSERT INTO umur (id,data_pariwisata_id,umur) VALUES (91,10,18);
INSERT INTO umur (id,data_pariwisata_id,umur) VALUES (92,10,26);
INSERT INTO umur (id,data_pariwisata_id,umur) VALUES (93,10,36);
INSERT INTO umur (id,data_pariwisata_id,umur) VALUES (94,10,22);
INSERT INTO umur (id,data_pariwisata_id,umur) VALUES (95,10,30);
INSERT INTO umur (id,data_pariwisata_id,umur) VALUES (96,10,18);
INSERT INTO umur (id,data_pariwisata_id,umur) VALUES (97,10,17);
INSERT INTO umur (id,data_pariwisata_id,umur) VALUES (98,10,33);
INSERT INTO umur (id,data_pariwisata_id,umur) VALUES (99,10,20);
INSERT INTO umur (id,data_pariwisata_id,umur) VALUES (100,10,38);
INSERT INTO umur (id,data_pariwisata_id,umur) VALUES (101,11,15);
INSERT INTO umur (id,data_pariwisata_id,umur) VALUES (102,11,16);
INSERT INTO umur (id,data_pariwisata_id,umur) VALUES (103,11,30);
INSERT INTO umur (id,data_pariwisata_id,umur) VALUES (104,11,22);
INSERT INTO umur (id,data_pariwisata_id,umur) VALUES (105,11,27);
INSERT INTO umur (id,data_pariwisata_id,umur) VALUES (106,11,25);
INSERT INTO umur (id,data_pariwisata_id,umur) VALUES (107,11,25);
INSERT INTO umur (id,data_pariwisata_id,umur) VALUES (108,11,25);
INSERT INTO umur (id,data_pariwisata_id,umur) VALUES (109,11,30);
INSERT INTO umur (id,data_pariwisata_id,umur) VALUES (110,11,22);
INSERT INTO umur (id,data_pariwisata_id,umur) VALUES (111,12,38);
INSERT INTO umur (id,data_pariwisata_id,umur) VALUES (112,12,18);
INSERT INTO umur (id,data_pariwisata_id,umur) VALUES (113,12,31);
INSERT INTO umur (id,data_pariwisata_id,umur) VALUES (114,12,22);
INSERT INTO umur (id,data_pariwisata_id,umur) VALUES (115,12,24);
INSERT INTO umur (id,data_pariwisata_id,umur) VALUES (116,12,37);
INSERT INTO umur (id,data_pariwisata_id,umur) VALUES (117,12,32);
INSERT INTO umur (id,data_pariwisata_id,umur) VALUES (118,12,27);
INSERT INTO umur (id,data_pariwisata_id,umur) VALUES (119,12,36);
INSERT INTO umur (id,data_pariwisata_id,umur) VALUES (120,12,34);
INSERT INTO umur (id,data_pariwisata_id,umur) VALUES (121,13,16);
INSERT INTO umur (id,data_pariwisata_id,umur) VALUES (122,13,17);
INSERT INTO umur (id,data_pariwisata_id,umur) VALUES (123,13,21);
INSERT INTO umur (id,data_pariwisata_id,umur) VALUES (124,13,19);
INSERT INTO umur (id,data_pariwisata_id,umur) VALUES (125,13,31);
INSERT INTO umur (id,data_pariwisata_id,umur) VALUES (126,13,35);
INSERT INTO umur (id,data_pariwisata_id,umur) VALUES (127,13,33);
INSERT INTO umur (id,data_pariwisata_id,umur) VALUES (128,13,26);
INSERT INTO umur (id,data_pariwisata_id,umur) VALUES (129,13,34);
INSERT INTO umur (id,data_pariwisata_id,umur) VALUES (130,13,21);
INSERT INTO umur (id,data_pariwisata_id,umur) VALUES (131,14,17);
INSERT INTO umur (id,data_pariwisata_id,umur) VALUES (132,14,15);
INSERT INTO umur (id,data_pariwisata_id,umur) VALUES (133,14,25);
INSERT INTO umur (id,data_pariwisata_id,umur) VALUES (134,14,25);
INSERT INTO umur (id,data_pariwisata_id,umur) VALUES (135,14,27);
INSERT INTO umur (id,data_pariwisata_id,umur) VALUES (136,14,39);
INSERT INTO umur (id,data_pariwisata_id,umur) VALUES (137,14,18);
INSERT INTO umur (id,data_pariwisata_id,umur) VALUES (138,14,33);
INSERT INTO umur (id,data_pariwisata_id,umur) VALUES (139,14,24);
INSERT INTO umur (id,data_pariwisata_id,umur) VALUES (140,14,18);
INSERT INTO umur (id,data_pariwisata_id,umur) VALUES (141,15,39);
INSERT INTO umur (id,data_pariwisata_id,umur) VALUES (142,15,37);
INSERT INTO umur (id,data_pariwisata_id,umur) VALUES (143,15,27);
INSERT INTO umur (id,data_pariwisata_id,umur) VALUES (144,15,22);
INSERT INTO umur (id,data_pariwisata_id,umur) VALUES (145,15,31);
INSERT INTO umur (id,data_pariwisata_id,umur) VALUES (146,15,29);
INSERT INTO umur (id,data_pariwisata_id,umur) VALUES (147,15,30);
INSERT INTO umur (id,data_pariwisata_id,umur) VALUES (148,15,26);
INSERT INTO umur (id,data_pariwisata_id,umur) VALUES (149,15,16);
INSERT INTO umur (id,data_pariwisata_id,umur) VALUES (150,15,16);
INSERT INTO umur (id,data_pariwisata_id,umur) VALUES (151,16,30);
INSERT INTO umur (id,data_pariwisata_id,umur) VALUES (152,16,16);
INSERT INTO umur (id,data_pariwisata_id,umur) VALUES (153,16,34);
INSERT INTO umur (id,data_pariwisata_id,umur) VALUES (154,16,29);
INSERT INTO umur (id,data_pariwisata_id,umur) VALUES (155,16,20);
INSERT INTO umur (id,data_pariwisata_id,umur) VALUES (156,16,23);
INSERT INTO umur (id,data_pariwisata_id,umur) VALUES (157,16,16);
INSERT INTO umur (id,data_pariwisata_id,umur) VALUES (158,16,30);
INSERT INTO umur (id,data_pariwisata_id,umur) VALUES (159,16,17);
INSERT INTO umur (id,data_pariwisata_id,umur) VALUES (160,16,23);
INSERT INTO umur (id,data_pariwisata_id,umur) VALUES (161,17,32);
INSERT INTO umur (id,data_pariwisata_id,umur) VALUES (162,17,21);
INSERT INTO umur (id,data_pariwisata_id,umur) VALUES (163,17,18);
INSERT INTO umur (id,data_pariwisata_id,umur) VALUES (164,17,19);
INSERT INTO umur (id,data_pariwisata_id,umur) VALUES (165,17,37);
INSERT INTO umur (id,data_pariwisata_id,umur) VALUES (166,17,38);
INSERT INTO umur (id,data_pariwisata_id,umur) VALUES (167,17,32);
INSERT INTO umur (id,data_pariwisata_id,umur) VALUES (168,17,23);
INSERT INTO umur (id,data_pariwisata_id,umur) VALUES (169,17,33);
INSERT INTO umur (id,data_pariwisata_id,umur) VALUES (170,17,33);
INSERT INTO umur (id,data_pariwisata_id,umur) VALUES (171,18,31);
INSERT INTO umur (id,data_pariwisata_id,umur) VALUES (172,18,25);
INSERT INTO umur (id,data_pariwisata_id,umur) VALUES (173,18,25);
INSERT INTO umur (id,data_pariwisata_id,umur) VALUES (174,18,30);
INSERT INTO umur (id,data_pariwisata_id,umur) VALUES (175,18,19);
INSERT INTO umur (id,data_pariwisata_id,umur) VALUES (176,18,27);
INSERT INTO umur (id,data_pariwisata_id,umur) VALUES (177,18,22);
INSERT INTO umur (id,data_pariwisata_id,umur) VALUES (178,18,30);
INSERT INTO umur (id,data_pariwisata_id,umur) VALUES (179,18,36);
INSERT INTO umur (id,data_pariwisata_id,umur) VALUES (180,18,29);
INSERT INTO umur (id,data_pariwisata_id,umur) VALUES (181,19,20);
INSERT INTO umur (id,data_pariwisata_id,umur) VALUES (182,19,28);
INSERT INTO umur (id,data_pariwisata_id,umur) VALUES (183,19,15);
INSERT INTO umur (id,data_pariwisata_id,umur) VALUES (184,19,24);
INSERT INTO umur (id,data_pariwisata_id,umur) VALUES (185,19,35);
INSERT INTO umur (id,data_pariwisata_id,umur) VALUES (186,19,23);
INSERT INTO umur (id,data_pariwisata_id,umur) VALUES (187,19,35);
INSERT INTO umur (id,data_pariwisata_id,umur) VALUES (188,19,24);
INSERT INTO umur (id,data_pariwisata_id,umur) VALUES (189,19,37);
INSERT INTO umur (id,data_pariwisata_id,umur) VALUES (190,19,25);
INSERT INTO umur (id,data_pariwisata_id,umur) VALUES (191,20,30);
INSERT INTO umur (id,data_pariwisata_id,umur) VALUES (192,20,27);
INSERT INTO umur (id,data_pariwisata_id,umur) VALUES (193,20,19);
INSERT INTO umur (id,data_pariwisata_id,umur) VALUES (194,20,35);
INSERT INTO umur (id,data_pariwisata_id,umur) VALUES (195,20,38);
INSERT INTO umur (id,data_pariwisata_id,umur) VALUES (196,20,21);
INSERT INTO umur (id,data_pariwisata_id,umur) VALUES (197,20,35);
INSERT INTO umur (id,data_pariwisata_id,umur) VALUES (198,20,31);
INSERT INTO umur (id,data_pariwisata_id,umur) VALUES (199,20,15);
INSERT INTO umur (id,data_pariwisata_id,umur) VALUES (200,20,21);
INSERT INTO umur (id,data_pariwisata_id,umur) VALUES (201,21,19);
INSERT INTO umur (id,data_pariwisata_id,umur) VALUES (202,21,32);
INSERT INTO umur (id,data_pariwisata_id,umur) VALUES (203,21,21);
INSERT INTO umur (id,data_pariwisata_id,umur) VALUES (204,21,17);
INSERT INTO umur (id,data_pariwisata_id,umur) VALUES (205,21,26);
INSERT INTO umur (id,data_pariwisata_id,umur) VALUES (206,21,35);
INSERT INTO umur (id,data_pariwisata_id,umur) VALUES (207,21,39);
INSERT INTO umur (id,data_pariwisata_id,umur) VALUES (208,21,27);
INSERT INTO umur (id,data_pariwisata_id,umur) VALUES (209,21,37);
INSERT INTO umur (id,data_pariwisata_id,umur) VALUES (210,21,32);
INSERT INTO umur (id,data_pariwisata_id,umur) VALUES (211,22,28);
INSERT INTO umur (id,data_pariwisata_id,umur) VALUES (212,22,26);
INSERT INTO umur (id,data_pariwisata_id,umur) VALUES (213,22,18);
INSERT INTO umur (id,data_pariwisata_id,umur) VALUES (214,22,28);
INSERT INTO umur (id,data_pariwisata_id,umur) VALUES (215,22,33);
INSERT INTO umur (id,data_pariwisata_id,umur) VALUES (216,22,21);
INSERT INTO umur (id,data_pariwisata_id,umur) VALUES (217,22,34);
INSERT INTO umur (id,data_pariwisata_id,umur) VALUES (218,22,22);
INSERT INTO umur (id,data_pariwisata_id,umur) VALUES (219,22,22);
INSERT INTO umur (id,data_pariwisata_id,umur) VALUES (220,22,17);
INSERT INTO umur (id,data_pariwisata_id,umur) VALUES (221,23,15);
INSERT INTO umur (id,data_pariwisata_id,umur) VALUES (222,23,21);
INSERT INTO umur (id,data_pariwisata_id,umur) VALUES (223,23,18);
INSERT INTO umur (id,data_pariwisata_id,umur) VALUES (224,23,35);
INSERT INTO umur (id,data_pariwisata_id,umur) VALUES (225,23,32);
INSERT INTO umur (id,data_pariwisata_id,umur) VALUES (226,23,33);
INSERT INTO umur (id,data_pariwisata_id,umur) VALUES (227,23,35);
INSERT INTO umur (id,data_pariwisata_id,umur) VALUES (228,23,36);
INSERT INTO umur (id,data_pariwisata_id,umur) VALUES (229,23,26);
INSERT INTO umur (id,data_pariwisata_id,umur) VALUES (230,23,22);
INSERT INTO umur (id,data_pariwisata_id,umur) VALUES (231,24,35);
INSERT INTO umur (id,data_pariwisata_id,umur) VALUES (232,24,25);
INSERT INTO umur (id,data_pariwisata_id,umur) VALUES (233,24,37);
INSERT INTO umur (id,data_pariwisata_id,umur) VALUES (234,24,19);
INSERT INTO umur (id,data_pariwisata_id,umur) VALUES (235,24,26);
INSERT INTO umur (id,data_pariwisata_id,umur) VALUES (236,24,25);
INSERT INTO umur (id,data_pariwisata_id,umur) VALUES (237,24,35);
INSERT INTO umur (id,data_pariwisata_id,umur) VALUES (238,24,19);
INSERT INTO umur (id,data_pariwisata_id,umur) VALUES (239,24,19);
INSERT INTO umur (id,data_pariwisata_id,umur) VALUES (240,24,29);
INSERT INTO umur (id,data_pariwisata_id,umur) VALUES (241,25,25);
INSERT INTO umur (id,data_pariwisata_id,umur) VALUES (242,25,16);
INSERT INTO umur (id,data_pariwisata_id,umur) VALUES (243,25,21);
INSERT INTO umur (id,data_pariwisata_id,umur) VALUES (244,25,22);
INSERT INTO umur (id,data_pariwisata_id,umur) VALUES (245,25,31);
INSERT INTO umur (id,data_pariwisata_id,umur) VALUES (246,25,15);
INSERT INTO umur (id,data_pariwisata_id,umur) VALUES (247,25,29);
INSERT INTO umur (id,data_pariwisata_id,umur) VALUES (248,25,27);
INSERT INTO umur (id,data_pariwisata_id,umur) VALUES (249,25,23);
INSERT INTO umur (id,data_pariwisata_id,umur) VALUES (250,25,26);
INSERT INTO umur (id,data_pariwisata_id,umur) VALUES (251,26,19);
INSERT INTO umur (id,data_pariwisata_id,umur) VALUES (252,26,25);
INSERT INTO umur (id,data_pariwisata_id,umur) VALUES (253,26,24);
INSERT INTO umur (id,data_pariwisata_id,umur) VALUES (254,26,30);
INSERT INTO umur (id,data_pariwisata_id,umur) VALUES (255,26,34);
INSERT INTO umur (id,data_pariwisata_id,umur) VALUES (256,26,29);
INSERT INTO umur (id,data_pariwisata_id,umur) VALUES (257,26,30);
INSERT INTO umur (id,data_pariwisata_id,umur) VALUES (258,26,27);
INSERT INTO umur (id,data_pariwisata_id,umur) VALUES (259,26,30);
INSERT INTO umur (id,data_pariwisata_id,umur) VALUES (260,26,15);
INSERT INTO umur (id,data_pariwisata_id,umur) VALUES (261,27,24);
INSERT INTO umur (id,data_pariwisata_id,umur) VALUES (262,27,38);
INSERT INTO umur (id,data_pariwisata_id,umur) VALUES (263,27,25);
INSERT INTO umur (id,data_pariwisata_id,umur) VALUES (264,27,33);
INSERT INTO umur (id,data_pariwisata_id,umur) VALUES (265,27,36);
INSERT INTO umur (id,data_pariwisata_id,umur) VALUES (266,27,30);
INSERT INTO umur (id,data_pariwisata_id,umur) VALUES (267,27,39);
INSERT INTO umur (id,data_pariwisata_id,umur) VALUES (268,27,34);
INSERT INTO umur (id,data_pariwisata_id,umur) VALUES (269,27,35);
INSERT INTO umur (id,data_pariwisata_id,umur) VALUES (270,27,26);
INSERT INTO umur (id,data_pariwisata_id,umur) VALUES (271,28,28);
INSERT INTO umur (id,data_pariwisata_id,umur) VALUES (272,28,37);
INSERT INTO umur (id,data_pariwisata_id,umur) VALUES (273,28,34);
INSERT INTO umur (id,data_pariwisata_id,umur) VALUES (274,28,35);
INSERT INTO umur (id,data_pariwisata_id,umur) VALUES (275,28,39);
INSERT INTO umur (id,data_pariwisata_id,umur) VALUES (276,28,27);
INSERT INTO umur (id,data_pariwisata_id,umur) VALUES (277,28,39);
INSERT INTO umur (id,data_pariwisata_id,umur) VALUES (278,28,33);
INSERT INTO umur (id,data_pariwisata_id,umur) VALUES (279,28,21);
INSERT INTO umur (id,data_pariwisata_id,umur) VALUES (280,28,38);
INSERT INTO tiket_masuk (id,data_pariwisata_id,harga) VALUES (1,1,6081);
INSERT INTO tiket_masuk (id,data_pariwisata_id,harga) VALUES (2,1,2887);
INSERT INTO tiket_masuk (id,data_pariwisata_id,harga) VALUES (3,1,2847);
INSERT INTO tiket_masuk (id,data_pariwisata_id,harga) VALUES (4,1,7059);
INSERT INTO tiket_masuk (id,data_pariwisata_id,harga) VALUES (5,1,5081);
INSERT INTO tiket_masuk (id,data_pariwisata_id,harga) VALUES (6,2,4318);
INSERT INTO tiket_masuk (id,data_pariwisata_id,harga) VALUES (7,2,6425);
INSERT INTO tiket_masuk (id,data_pariwisata_id,harga) VALUES (8,2,9540);
INSERT INTO tiket_masuk (id,data_pariwisata_id,harga) VALUES (9,2,8456);
INSERT INTO tiket_masuk (id,data_pariwisata_id,harga) VALUES (10,2,4300);
INSERT INTO tiket_masuk (id,data_pariwisata_id,harga) VALUES (11,3,5694);
INSERT INTO tiket_masuk (id,data_pariwisata_id,harga) VALUES (12,3,1511);
INSERT INTO tiket_masuk (id,data_pariwisata_id,harga) VALUES (13,3,4162);
INSERT INTO tiket_masuk (id,data_pariwisata_id,harga) VALUES (14,3,4089);
INSERT INTO tiket_masuk (id,data_pariwisata_id,harga) VALUES (15,3,6728);
INSERT INTO tiket_masuk (id,data_pariwisata_id,harga) VALUES (16,4,5274);
INSERT INTO tiket_masuk (id,data_pariwisata_id,harga) VALUES (17,4,6211);
INSERT INTO tiket_masuk (id,data_pariwisata_id,harga) VALUES (18,4,8445);
INSERT INTO tiket_masuk (id,data_pariwisata_id,harga) VALUES (19,4,9237);
INSERT INTO tiket_masuk (id,data_pariwisata_id,harga) VALUES (20,4,8106);
INSERT INTO tiket_masuk (id,data_pariwisata_id,harga) VALUES (21,5,3495);
INSERT INTO tiket_masuk (id,data_pariwisata_id,harga) VALUES (22,5,3466);
INSERT INTO tiket_masuk (id,data_pariwisata_id,harga) VALUES (23,5,9528);
INSERT INTO tiket_masuk (id,data_pariwisata_id,harga) VALUES (24,5,5258);
INSERT INTO tiket_masuk (id,data_pariwisata_id,harga) VALUES (25,5,8047);
INSERT INTO tiket_masuk (id,data_pariwisata_id,harga) VALUES (26,6,6947);
INSERT INTO tiket_masuk (id,data_pariwisata_id,harga) VALUES (27,6,9287);
INSERT INTO tiket_masuk (id,data_pariwisata_id,harga) VALUES (28,6,5888);
INSERT INTO tiket_masuk (id,data_pariwisata_id,harga) VALUES (29,6,9790);
INSERT INTO tiket_masuk (id,data_pariwisata_id,harga) VALUES (30,6,7015);
INSERT INTO tiket_masuk (id,data_pariwisata_id,harga) VALUES (31,7,4541);
INSERT INTO tiket_masuk (id,data_pariwisata_id,harga) VALUES (32,7,4408);
INSERT INTO tiket_masuk (id,data_pariwisata_id,harga) VALUES (33,7,6387);
INSERT INTO tiket_masuk (id,data_pariwisata_id,harga) VALUES (34,7,3831);
INSERT INTO tiket_masuk (id,data_pariwisata_id,harga) VALUES (35,7,7429);
INSERT INTO tiket_masuk (id,data_pariwisata_id,harga) VALUES (36,8,4356);
INSERT INTO tiket_masuk (id,data_pariwisata_id,harga) VALUES (37,8,8737);
INSERT INTO tiket_masuk (id,data_pariwisata_id,harga) VALUES (38,8,7631);
INSERT INTO tiket_masuk (id,data_pariwisata_id,harga) VALUES (39,8,5485);
INSERT INTO tiket_masuk (id,data_pariwisata_id,harga) VALUES (40,8,2026);
INSERT INTO tiket_masuk (id,data_pariwisata_id,harga) VALUES (41,9,9413);
INSERT INTO tiket_masuk (id,data_pariwisata_id,harga) VALUES (42,9,5090);
INSERT INTO tiket_masuk (id,data_pariwisata_id,harga) VALUES (43,9,6194);
INSERT INTO tiket_masuk (id,data_pariwisata_id,harga) VALUES (44,9,5563);
INSERT INTO tiket_masuk (id,data_pariwisata_id,harga) VALUES (45,9,1433);
INSERT INTO tiket_masuk (id,data_pariwisata_id,harga) VALUES (46,10,7147);
INSERT INTO tiket_masuk (id,data_pariwisata_id,harga) VALUES (47,10,2078);
INSERT INTO tiket_masuk (id,data_pariwisata_id,harga) VALUES (48,10,2324);
INSERT INTO tiket_masuk (id,data_pariwisata_id,harga) VALUES (49,10,5159);
INSERT INTO tiket_masuk (id,data_pariwisata_id,harga) VALUES (50,10,2353);
INSERT INTO tiket_masuk (id,data_pariwisata_id,harga) VALUES (51,11,7957);
INSERT INTO tiket_masuk (id,data_pariwisata_id,harga) VALUES (52,11,7721);
INSERT INTO tiket_masuk (id,data_pariwisata_id,harga) VALUES (53,11,1189);
INSERT INTO tiket_masuk (id,data_pariwisata_id,harga) VALUES (54,11,6199);
INSERT INTO tiket_masuk (id,data_pariwisata_id,harga) VALUES (55,11,5000);
INSERT INTO tiket_masuk (id,data_pariwisata_id,harga) VALUES (56,12,5705);
INSERT INTO tiket_masuk (id,data_pariwisata_id,harga) VALUES (57,12,3888);
INSERT INTO tiket_masuk (id,data_pariwisata_id,harga) VALUES (58,12,6538);
INSERT INTO tiket_masuk (id,data_pariwisata_id,harga) VALUES (59,12,7703);
INSERT INTO tiket_masuk (id,data_pariwisata_id,harga) VALUES (60,12,2355);
INSERT INTO tiket_masuk (id,data_pariwisata_id,harga) VALUES (61,13,8451);
INSERT INTO tiket_masuk (id,data_pariwisata_id,harga) VALUES (62,13,1510);
INSERT INTO tiket_masuk (id,data_pariwisata_id,harga) VALUES (63,13,2605);
INSERT INTO tiket_masuk (id,data_pariwisata_id,harga) VALUES (64,13,1156);
INSERT INTO tiket_masuk (id,data_pariwisata_id,harga) VALUES (65,13,6266);
INSERT INTO tiket_masuk (id,data_pariwisata_id,harga) VALUES (66,14,9828);
INSERT INTO tiket_masuk (id,data_pariwisata_id,harga) VALUES (67,14,6561);
INSERT INTO tiket_masuk (id,data_pariwisata_id,harga) VALUES (68,14,5202);
INSERT INTO tiket_masuk (id,data_pariwisata_id,harga) VALUES (69,14,6783);
INSERT INTO tiket_masuk (id,data_pariwisata_id,harga) VALUES (70,14,4746);
INSERT INTO tiket_masuk (id,data_pariwisata_id,harga) VALUES (71,15,6563);
INSERT INTO tiket_masuk (id,data_pariwisata_id,harga) VALUES (72,15,3376);
INSERT INTO tiket_masuk (id,data_pariwisata_id,harga) VALUES (73,15,7002);
INSERT INTO tiket_masuk (id,data_pariwisata_id,harga) VALUES (74,15,8718);
INSERT INTO tiket_masuk (id,data_pariwisata_id,harga) VALUES (75,15,1447);
INSERT INTO tiket_masuk (id,data_pariwisata_id,harga) VALUES (76,16,6094);
INSERT INTO tiket_masuk (id,data_pariwisata_id,harga) VALUES (77,16,1577);
INSERT INTO tiket_masuk (id,data_pariwisata_id,harga) VALUES (78,16,1463);
INSERT INTO tiket_masuk (id,data_pariwisata_id,harga) VALUES (79,16,2996);
INSERT INTO tiket_masuk (id,data_pariwisata_id,harga) VALUES (80,16,3420);
INSERT INTO tiket_masuk (id,data_pariwisata_id,harga) VALUES (81,17,5623);
INSERT INTO tiket_masuk (id,data_pariwisata_id,harga) VALUES (82,17,2953);
INSERT INTO tiket_masuk (id,data_pariwisata_id,harga) VALUES (83,17,6137);
INSERT INTO tiket_masuk (id,data_pariwisata_id,harga) VALUES (84,17,4133);
INSERT INTO tiket_masuk (id,data_pariwisata_id,harga) VALUES (85,17,5241);
INSERT INTO tiket_masuk (id,data_pariwisata_id,harga) VALUES (86,18,3059);
INSERT INTO tiket_masuk (id,data_pariwisata_id,harga) VALUES (87,18,6033);
INSERT INTO tiket_masuk (id,data_pariwisata_id,harga) VALUES (88,18,2643);
INSERT INTO tiket_masuk (id,data_pariwisata_id,harga) VALUES (89,18,9891);
INSERT INTO tiket_masuk (id,data_pariwisata_id,harga) VALUES (90,18,9002);
INSERT INTO tiket_masuk (id,data_pariwisata_id,harga) VALUES (91,19,7878);
INSERT INTO tiket_masuk (id,data_pariwisata_id,harga) VALUES (92,19,2336);
INSERT INTO tiket_masuk (id,data_pariwisata_id,harga) VALUES (93,19,1546);
INSERT INTO tiket_masuk (id,data_pariwisata_id,harga) VALUES (94,19,3107);
INSERT INTO tiket_masuk (id,data_pariwisata_id,harga) VALUES (95,19,6940);
INSERT INTO tiket_masuk (id,data_pariwisata_id,harga) VALUES (96,20,6503);
INSERT INTO tiket_masuk (id,data_pariwisata_id,harga) VALUES (97,20,1552);
INSERT INTO tiket_masuk (id,data_pariwisata_id,harga) VALUES (98,20,4843);
INSERT INTO tiket_masuk (id,data_pariwisata_id,harga) VALUES (99,20,1205);
INSERT INTO tiket_masuk (id,data_pariwisata_id,harga) VALUES (100,20,8598);
INSERT INTO tiket_masuk (id,data_pariwisata_id,harga) VALUES (101,21,2425);
INSERT INTO tiket_masuk (id,data_pariwisata_id,harga) VALUES (102,21,5351);
INSERT INTO tiket_masuk (id,data_pariwisata_id,harga) VALUES (103,21,2515);
INSERT INTO tiket_masuk (id,data_pariwisata_id,harga) VALUES (104,21,8757);
INSERT INTO tiket_masuk (id,data_pariwisata_id,harga) VALUES (105,21,3687);
INSERT INTO tiket_masuk (id,data_pariwisata_id,harga) VALUES (106,22,2010);
INSERT INTO tiket_masuk (id,data_pariwisata_id,harga) VALUES (107,22,6410);
INSERT INTO tiket_masuk (id,data_pariwisata_id,harga) VALUES (108,22,8285);
INSERT INTO tiket_masuk (id,data_pariwisata_id,harga) VALUES (109,22,8590);
INSERT INTO tiket_masuk (id,data_pariwisata_id,harga) VALUES (110,22,9632);
INSERT INTO tiket_masuk (id,data_pariwisata_id,harga) VALUES (111,23,8098);
INSERT INTO tiket_masuk (id,data_pariwisata_id,harga) VALUES (112,23,7553);
INSERT INTO tiket_masuk (id,data_pariwisata_id,harga) VALUES (113,23,8591);
INSERT INTO tiket_masuk (id,data_pariwisata_id,harga) VALUES (114,23,3582);
INSERT INTO tiket_masuk (id,data_pariwisata_id,harga) VALUES (115,23,4384);
INSERT INTO tiket_masuk (id,data_pariwisata_id,harga) VALUES (116,24,5297);
INSERT INTO tiket_masuk (id,data_pariwisata_id,harga) VALUES (117,24,9267);
INSERT INTO tiket_masuk (id,data_pariwisata_id,harga) VALUES (118,24,3137);
INSERT INTO tiket_masuk (id,data_pariwisata_id,harga) VALUES (119,24,3271);
INSERT INTO tiket_masuk (id,data_pariwisata_id,harga) VALUES (120,24,7894);
INSERT INTO tiket_masuk (id,data_pariwisata_id,harga) VALUES (121,25,6726);
INSERT INTO tiket_masuk (id,data_pariwisata_id,harga) VALUES (122,25,1802);
INSERT INTO tiket_masuk (id,data_pariwisata_id,harga) VALUES (123,25,1981);
INSERT INTO tiket_masuk (id,data_pariwisata_id,harga) VALUES (124,25,6079);
INSERT INTO tiket_masuk (id,data_pariwisata_id,harga) VALUES (125,25,2066);
INSERT INTO tiket_masuk (id,data_pariwisata_id,harga) VALUES (126,26,7270);
INSERT INTO tiket_masuk (id,data_pariwisata_id,harga) VALUES (127,26,8493);
INSERT INTO tiket_masuk (id,data_pariwisata_id,harga) VALUES (128,26,9086);
INSERT INTO tiket_masuk (id,data_pariwisata_id,harga) VALUES (129,26,5819);
INSERT INTO tiket_masuk (id,data_pariwisata_id,harga) VALUES (130,26,1981);
INSERT INTO tiket_masuk (id,data_pariwisata_id,harga) VALUES (131,27,3052);
INSERT INTO tiket_masuk (id,data_pariwisata_id,harga) VALUES (132,27,3175);
INSERT INTO tiket_masuk (id,data_pariwisata_id,harga) VALUES (133,27,5885);
INSERT INTO tiket_masuk (id,data_pariwisata_id,harga) VALUES (134,27,1710);
INSERT INTO tiket_masuk (id,data_pariwisata_id,harga) VALUES (135,27,1387);
INSERT INTO tiket_masuk (id,data_pariwisata_id,harga) VALUES (136,28,6749);
INSERT INTO tiket_masuk (id,data_pariwisata_id,harga) VALUES (137,28,3528);
INSERT INTO tiket_masuk (id,data_pariwisata_id,harga) VALUES (138,28,4818);
INSERT INTO tiket_masuk (id,data_pariwisata_id,harga) VALUES (139,28,4384);
INSERT INTO tiket_masuk (id,data_pariwisata_id,harga) VALUES (140,28,4903);

